Codon,Aminoacido,Conteo,Frecuencia_porcentaje,Densidad_por_kb
AAA,Lys (K),31153,2.8573,28.5733
AAC,Asn (N),19579,1.7958,17.9577
AAG,Lys (K),20295,1.8614,18.6144
AAT,Asn (N),21988,2.0167,20.1672
ACA,Thr (T),15241,1.3979,13.9789
ACC,Thr (T),15384,1.411,14.1101
ACG,Thr (T),13113,1.2027,12.0272
ACT,Thr (T),14660,1.3446,13.4461
AGA,Arg (R),14334,1.3147,13.147
AGC,Ser (S),20292,1.8612,18.6117
AGG,Arg (R),10842,0.9944,9.9442
AGT,Ser (S),15604,1.4312,14.3119
ATA,Ile (I),13869,1.2721,12.7206
ATC,Ile (I),21043,1.9301,19.3005
ATG,Met (M),19422,1.7814,17.8137
ATT,Ile (I),21829,2.0021,20.0214
CAA,Gln (Q),26694,2.4484,24.4836
CAC,His (H),16662,1.5282,15.2823
CAG,Gln (Q),17224,1.5798,15.7977
CAT,His (H),18526,1.6992,16.9919
CCA,Pro (P),19747,1.8112,18.1118
CCC,Pro (P),9801,0.8989,8.9894
CCG,Pro (P),12683,1.1633,11.6328
CCT,Pro (P),10955,1.0048,10.0478
CGA,Arg (R),15276,1.4011,14.011
CGC,Arg (R),19771,1.8134,18.1338
CGG,Arg (R),12829,1.1767,11.7667
CGT,Arg (R),13453,1.2339,12.339
CTA,Leu (L),9545,0.8755,8.7546
CTC,Leu (L),13643,1.2513,12.5133
CTG,Leu (L),17097,1.5681,15.6812
CTT,Leu (L),19747,1.8112,18.1118
GAA,Glu (E),18379,1.6857,16.8571
GAC,Asp (D),10287,0.9435,9.4352
GAG,Glu (E),13838,1.2692,12.6921
GAT,Asp (D),20852,1.9125,19.1253
GCA,Ala (A),20612,1.8905,18.9052
GCC,Ala (A),17186,1.5763,15.7629
GCG,Ala (A),19994,1.8338,18.3384
GCT,Ala (A),20364,1.8678,18.6777
GGA,Gly (G),10753,0.9863,9.8626
GGC,Gly (G),17111,1.5694,15.6941
GGG,Gly (G),9386,0.8609,8.6088
GGT,Gly (G),16681,1.53,15.2997
GTA,Val (V),12348,1.1326,11.3255
GTC,Val (V),10876,0.9975,9.9754
GTG,Val (V),17505,1.6055,16.0555
GTT,Val (V),20976,1.9239,19.239
TAA,Stop,16789,1.5399,15.3988
TAC,Tyr (Y),11870,1.0887,10.8871
TAG,Stop,9715,0.8911,8.9105
TAT,Tyr (Y),14796,1.3571,13.5708
TCA,Ser (S),23506,2.156,21.5595
TCC,Ser (S),10815,0.9919,9.9194
TCG,Ser (S),15540,1.4253,14.2532
TCT,Ser (S),14053,1.2889,12.8893
TGA,Stop,22993,2.1089,21.089
TGC,Cys (C),20982,1.9245,19.2445
TGG,Trp (W),20874,1.9146,19.1455
TGT,Cys (C),15967,1.4645,14.6448
TTA,Leu (L),17408,1.5967,15.9665
TTC,Phe (F),18352,1.6832,16.8323
TTG,Leu (L),26792,2.4573,24.5734
TTT,Phe (F),30380,2.7864,27.8643
